permitID,facility_id,reason,p_name_raw,p_addr_raw,p_zip,p_first,p_last
4079DAD2-BA2E-4129-BB3B-DC967CB9AF9B,12185773,ambiguous:name+num+zip,Epic Poke,6448 E Us 290 Hwy Svrd WB,78752,2026-04-13,2026-04-13
4079DAD2-BA2E-4129-BB3B-DC967CB9AF9B,178820,ambiguous:name+num+zip,Epic Poke,6448 E Us 290 Hwy Svrd WB,78752,2026-04-13,2026-04-13
25DE788F-ED67-4FC8-B6A9-8F0F1C670D62,10771946,ambiguous:name+num+zip,Express Food Mart #5,2925 W Pecan St,78660,2025-04-03,2026-06-05
25DE788F-ED67-4FC8-B6A9-8F0F1C670D62,2803691,ambiguous:name+num+zip,Express Food Mart #5,2925 W Pecan St,78660,2025-04-03,2026-06-05
4CF6DCEB-6E49-4E58-966F-3EA8956A99F4,11872773,ambiguous:name+num+zip,OOB - Pour Choices,401 E 6th St,78701,2025-02-06,2025-02-06
4CF6DCEB-6E49-4E58-966F-3EA8956A99F4,12399735,ambiguous:name+num+zip,OOB - Pour Choices,401 E 6th St,78701,2025-02-06,2025-02-06
68827D7E-90FB-473E-9AF2-F43A75246A3E,10300378,ambiguous:name+num+zip,OOB - Stop-N-Express,5301 Manor Rd,78723,2025-02-04,2025-02-04
68827D7E-90FB-473E-9AF2-F43A75246A3E,12398978,ambiguous:name+num+zip,OOB - Stop-N-Express,5301 Manor Rd,78723,2025-02-04,2025-02-04
5954EA10-7AA2-4B40-A1A4-DE6D590D5D8E,12186654,ambiguous:name+num+zip,PF - Smiling Donuts,428 Grand Avenue Pkwy Ste 130,78660,2025-07-29,2025-07-29
5954EA10-7AA2-4B40-A1A4-DE6D590D5D8E,178926,ambiguous:name+num+zip,PF - Smiling Donuts,428 Grand Avenue Pkwy Ste 130,78660,2025-07-29,2025-07-29
2E75AF7C-0D3A-4BBD-955F-518BF6BE9918,11872773,ambiguous:name+num+zip,Pour Choices,401 E 6th St,78701,2025-07-31,2025-07-31
2E75AF7C-0D3A-4BBD-955F-518BF6BE9918,12399735,ambiguous:name+num+zip,Pour Choices,401 E 6th St,78701,2025-07-31,2025-07-31
991E656E-4282-4327-8FE4-E7AFE1B515AA,12186654,ambiguous:name+num+zip,Smiling Donuts,428 Grand Avenue Pkwy Ste 130,78660,2026-05-20,2026-05-20
991E656E-4282-4327-8FE4-E7AFE1B515AA,178926,ambiguous:name+num+zip,Smiling Donuts,428 Grand Avenue Pkwy Ste 130,78660,2026-05-20,2026-05-20
4E0CDE04-F095-49D6-A4B1-43D78EE8D05A,179030,ambiguous:name+num+zip,St. Michael's Catholic Preparatory School,2500 Wimberly Ln,78735,2026-05-01,2026-05-01
4E0CDE04-F095-49D6-A4B1-43D78EE8D05A,2801307,ambiguous:name+num+zip,St. Michael's Catholic Preparatory School,2500 Wimberly Ln,78735,2026-05-01,2026-05-01
CD044380-7AD2-4071-B573-365274146AA5,10750623,ambiguous:name+num+zip,Tokyo Gardens Catering,2508 E Riverside Dr,78741,2025-02-06,2025-02-06
CD044380-7AD2-4071-B573-365274146AA5,12185895,ambiguous:name+num+zip,Tokyo Gardens Catering,2508 E Riverside Dr,78741,2025-02-06,2025-02-06
4079DAD2-BA2E-4129-BB3B-DC967CB9AF9B,12185773,ambiguous:name+street+zip,Epic Poke,6448 E Us 290 Hwy Svrd WB,78752,2026-04-13,2026-04-13
4079DAD2-BA2E-4129-BB3B-DC967CB9AF9B,178820,ambiguous:name+street+zip,Epic Poke,6448 E Us 290 Hwy Svrd WB,78752,2026-04-13,2026-04-13
25DE788F-ED67-4FC8-B6A9-8F0F1C670D62,10771946,ambiguous:name+street+zip,Express Food Mart #5,2925 W Pecan St,78660,2025-04-03,2026-06-05
25DE788F-ED67-4FC8-B6A9-8F0F1C670D62,2803691,ambiguous:name+street+zip,Express Food Mart #5,2925 W Pecan St,78660,2025-04-03,2026-06-05
4CF6DCEB-6E49-4E58-966F-3EA8956A99F4,11872773,ambiguous:name+street+zip,OOB - Pour Choices,401 E 6th St,78701,2025-02-06,2025-02-06
4CF6DCEB-6E49-4E58-966F-3EA8956A99F4,12399735,ambiguous:name+street+zip,OOB - Pour Choices,401 E 6th St,78701,2025-02-06,2025-02-06
68827D7E-90FB-473E-9AF2-F43A75246A3E,10300378,ambiguous:name+street+zip,OOB - Stop-N-Express,5301 Manor Rd,78723,2025-02-04,2025-02-04
68827D7E-90FB-473E-9AF2-F43A75246A3E,12398978,ambiguous:name+street+zip,OOB - Stop-N-Express,5301 Manor Rd,78723,2025-02-04,2025-02-04
5954EA10-7AA2-4B40-A1A4-DE6D590D5D8E,12186654,ambiguous:name+street+zip,PF - Smiling Donuts,428 Grand Avenue Pkwy Ste 130,78660,2025-07-29,2025-07-29
5954EA10-7AA2-4B40-A1A4-DE6D590D5D8E,178926,ambiguous:name+street+zip,PF - Smiling Donuts,428 Grand Avenue Pkwy Ste 130,78660,2025-07-29,2025-07-29
2E75AF7C-0D3A-4BBD-955F-518BF6BE9918,11872773,ambiguous:name+street+zip,Pour Choices,401 E 6th St,78701,2025-07-31,2025-07-31
2E75AF7C-0D3A-4BBD-955F-518BF6BE9918,12399735,ambiguous:name+street+zip,Pour Choices,401 E 6th St,78701,2025-07-31,2025-07-31
991E656E-4282-4327-8FE4-E7AFE1B515AA,12186654,ambiguous:name+street+zip,Smiling Donuts,428 Grand Avenue Pkwy Ste 130,78660,2026-05-20,2026-05-20
991E656E-4282-4327-8FE4-E7AFE1B515AA,178926,ambiguous:name+street+zip,Smiling Donuts,428 Grand Avenue Pkwy Ste 130,78660,2026-05-20,2026-05-20
4E0CDE04-F095-49D6-A4B1-43D78EE8D05A,179030,ambiguous:name+street+zip,St. Michael's Catholic Preparatory School,2500 Wimberly Ln,78735,2026-05-01,2026-05-01
4E0CDE04-F095-49D6-A4B1-43D78EE8D05A,2801307,ambiguous:name+street+zip,St. Michael's Catholic Preparatory School,2500 Wimberly Ln,78735,2026-05-01,2026-05-01
CD044380-7AD2-4071-B573-365274146AA5,10750623,ambiguous:name+street+zip,Tokyo Gardens Catering,2508 E Riverside Dr,78741,2025-02-06,2025-02-06
CD044380-7AD2-4071-B573-365274146AA5,12185895,ambiguous:name+street+zip,Tokyo Gardens Catering,2508 E Riverside Dr,78741,2025-02-06,2025-02-06
4079DAD2-BA2E-4129-BB3B-DC967CB9AF9B,12185773,ambiguous:name+zip,Epic Poke,6448 E Us 290 Hwy Svrd WB,78752,2026-04-13,2026-04-13
4079DAD2-BA2E-4129-BB3B-DC967CB9AF9B,178820,ambiguous:name+zip,Epic Poke,6448 E Us 290 Hwy Svrd WB,78752,2026-04-13,2026-04-13
25DE788F-ED67-4FC8-B6A9-8F0F1C670D62,10771946,ambiguous:name+zip,Express Food Mart #5,2925 W Pecan St,78660,2025-04-03,2026-06-05
25DE788F-ED67-4FC8-B6A9-8F0F1C670D62,2803691,ambiguous:name+zip,Express Food Mart #5,2925 W Pecan St,78660,2025-04-03,2026-06-05
4CF6DCEB-6E49-4E58-966F-3EA8956A99F4,11872773,ambiguous:name+zip,OOB - Pour Choices,401 E 6th St,78701,2025-02-06,2025-02-06
4CF6DCEB-6E49-4E58-966F-3EA8956A99F4,12399735,ambiguous:name+zip,OOB - Pour Choices,401 E 6th St,78701,2025-02-06,2025-02-06
68827D7E-90FB-473E-9AF2-F43A75246A3E,10300378,ambiguous:name+zip,OOB - Stop-N-Express,5301 Manor Rd,78723,2025-02-04,2025-02-04
68827D7E-90FB-473E-9AF2-F43A75246A3E,12398978,ambiguous:name+zip,OOB - Stop-N-Express,5301 Manor Rd,78723,2025-02-04,2025-02-04
5954EA10-7AA2-4B40-A1A4-DE6D590D5D8E,12186654,ambiguous:name+zip,PF - Smiling Donuts,428 Grand Avenue Pkwy Ste 130,78660,2025-07-29,2025-07-29
5954EA10-7AA2-4B40-A1A4-DE6D590D5D8E,178926,ambiguous:name+zip,PF - Smiling Donuts,428 Grand Avenue Pkwy Ste 130,78660,2025-07-29,2025-07-29
2E75AF7C-0D3A-4BBD-955F-518BF6BE9918,11872773,ambiguous:name+zip,Pour Choices,401 E 6th St,78701,2025-07-31,2025-07-31
2E75AF7C-0D3A-4BBD-955F-518BF6BE9918,12399735,ambiguous:name+zip,Pour Choices,401 E 6th St,78701,2025-07-31,2025-07-31
991E656E-4282-4327-8FE4-E7AFE1B515AA,12186654,ambiguous:name+zip,Smiling Donuts,428 Grand Avenue Pkwy Ste 130,78660,2026-05-20,2026-05-20
991E656E-4282-4327-8FE4-E7AFE1B515AA,178926,ambiguous:name+zip,Smiling Donuts,428 Grand Avenue Pkwy Ste 130,78660,2026-05-20,2026-05-20
4E0CDE04-F095-49D6-A4B1-43D78EE8D05A,179030,ambiguous:name+zip,St. Michael's Catholic Preparatory School,2500 Wimberly Ln,78735,2026-05-01,2026-05-01
4E0CDE04-F095-49D6-A4B1-43D78EE8D05A,2801307,ambiguous:name+zip,St. Michael's Catholic Preparatory School,2500 Wimberly Ln,78735,2026-05-01,2026-05-01
DC0BA246-D568-4674-A4EB-4396F8291907,179030,ambiguous:name+zip,St. Michael's Catholic Preparatory School,3000 Barton Creek Blvd,78735,2026-05-01,2026-05-01
DC0BA246-D568-4674-A4EB-4396F8291907,2801307,ambiguous:name+zip,St. Michael's Catholic Preparatory School,3000 Barton Creek Blvd,78735,2026-05-01,2026-05-01
CD044380-7AD2-4071-B573-365274146AA5,10750623,ambiguous:name+zip,Tokyo Gardens Catering,2508 E Riverside Dr,78741,2025-02-06,2025-02-06
CD044380-7AD2-4071-B573-365274146AA5,12185895,ambiguous:name+zip,Tokyo Gardens Catering,2508 E Riverside Dr,78741,2025-02-06,2025-02-06
D0C3E6B9-067D-4398-BCB8-388D7E45B1CA,NA,no_key_match,ABIA Ruta Maya,3600 Presidential Blvd Ste 110,78719,2025-06-04,2025-06-04
C39F2F67-08DE-4B62-808E-221EEAE1D172,NA,no_key_match,African American Youth Harvest Foundation,6633 E US 290 HWY  SVRD STE 307,78723,2026-04-27,2026-04-27
B7FE5215-FA22-46F0-B8B0-6174622E61CF,NA,no_key_match,"Atlassian, Inc.",1401 E 6th St Bldg 2,78702,2025-07-02,2025-07-02
DBE40264-1796-457B-B58C-9C983280368C,NA,no_key_match,"Atlassian, Inc.",1401 E 6th St Bldg 2,78702,2025-07-02,2025-07-02
8525509C-BD0B-4BB6-99E8-D04489409827,NA,no_key_match,Baylor Scott & White Hospital,5245 W US 290 EB HWY,78735,2025-09-12,2025-09-12
0C866FE7-6826-4413-A863-ABEBE9EE4338,NA,no_key_match,CFO - Abiding Love Food Pantry,7210 Brush Country Rd,78749,2026-04-15,2026-04-15
18556E5C-F379-41C8-881E-50C82B5132EA,NA,no_key_match,CFO - Austin Pathways,6328 Shadow Bnd,78745,2026-03-23,2026-03-23
C9B8DE9E-A1C6-446F-8368-92E8B4CC3F9F,NA,no_key_match,CFO - Foundation Communities - Waterloo Terrace,12190 N Mopac Expy # Sb,78758,2025-12-30,2025-12-30
67CD3675-AED8-44F9-A356-E64F3173DFA8,NA,no_key_match,CFO - Mental Health Mental Retardation Ctr.,13311 Burnet Rd,78727,2026-03-31,2026-03-31
A966E176-8FAA-4A6E-9788-44E762FF1725,NA,no_key_match,COTA - Velocity,9201 Circuit of the Americas Blvd,78617,2025-03-27,2026-03-26
14060948-612B-42F4-A731-B17566EF2778,NA,no_key_match,Canteen @ Tesla F Y37,1 Tesla Rd,78725,2025-03-26,2025-03-26
6E9C48F9-D44F-4024-A516-DC2F9A996006,NA,no_key_match,Canteen Local Branch,6719 E Howard Ln Bldg 2,78754,2026-03-20,2026-03-20
8754564A-B4B8-4A65-98C2-54284AE9F85E,NA,no_key_match,Captain Quackenbush's Coffee House,5326 Menchaca Rd,78745,2026-02-25,2026-02-25
24303F1B-A9C1-4B13-924E-90E0E27A46AE,NA,no_key_match,Christen's Gourmet Pralines,15800 Awalt Dr,78734,2026-04-15,2026-04-15
82D74F5F-CD10-4589-85C5-7AA5051A6D35,NA,no_key_match,Cold Ones Pops,1900 Rosewood Ave,78702,2026-03-12,2026-03-12
4079DAD2-BA2E-4129-BB3B-DC967CB9AF9B,NA,no_key_match,Epic Poke,6448 E Us 290 Hwy Svrd WB,78752,2026-04-13,2026-04-13
25DE788F-ED67-4FC8-B6A9-8F0F1C670D62,NA,no_key_match,Express Food Mart #5,2925 W Pecan St,78660,2025-04-03,2026-06-05
AB02077E-7FEF-4AF1-9C6C-5E602D457DAA,NA,no_key_match,FoliePop's,3400 Comsouth Dr,78744,2026-01-16,2026-01-16
434F311A-9B0C-4B8A-B70F-364713392624,NA,no_key_match,Food Pantry,12300 Amherst Dr,78727,2026-01-12,2026-01-12
F9C3CBF0-8B21-40AE-AF7C-2229A3058BED,NA,no_key_match,"Jordan at Mueller Learning Center, The",2724 Philomena St,78723,2026-02-04,2026-02-04
A2F5F8B6-3968-4A82-905A-CBF343BB3B04,NA,no_key_match,Korrect Fitness,4401 Freidrich Ln Ste 301 # Bunit,78744,2026-05-13,2026-05-13
7DFBE372-B214-4A67-A8D1-A45595142DAA,NA,no_key_match,LW - Dad's Premium Foods LLC,1501 N FM 620  RD,78734,2025-08-29,2025-08-29
829BDDA2-A4B8-40BD-9F6E-E6CC4D5601FD,NA,no_key_match,LW - Espetos Churrascaria Brazililan Steakhouse,900 S FM 620 Rd Ste B108,78734,2025-07-17,2025-07-17
9621B1C7-FA43-4455-AADC-BBE5A6FEE926,NA,no_key_match,La Michoacana Meat Market,6908 Cameron Rd,78752,2025-06-12,2026-07-17
1FE5481F-8882-4F32-94E0-7607EC10F338,NA,no_key_match,La Yaya,9113 Brown Ln,78754,2026-02-24,2026-02-24
D6D04F7B-3CCA-4A67-98A9-705FE7FB0D74,NA,no_key_match,Laurel Creek Learning Center,11704 N Lamar Blvd,78758,2026-02-05,2026-02-05
AA20A70A-92E4-4E5B-AC14-75D31A22063D,NA,no_key_match,Lazeez Mediterranean Cafe,6812 FM 620 N Unit B,78732,2025-05-08,2025-05-08
D8313C66-16D0-468D-9C39-71260F0F3EE0,NA,no_key_match,Los Jarochos Dos,13609 N IH 35 Svrd NB,78753,2026-01-13,2026-06-23
C524551E-BC4E-49AD-878E-EC8925F5F29C,NA,no_key_match,M Station Learning Center,2918 E Martin Luther King Jr Blvd,78702,2025-04-21,2026-05-21
6EBC5E25-D411-474E-B00A-E8DC7925C60C,NA,no_key_match,MN - La Mexicana Supermercado #6,12937 N FM 973 Rd Bldg 3,78653,2025-12-01,2026-07-07
B08C0903-55F9-43DA-AF40-B73D15871C02,NA,no_key_match,MN - La Mexicana Supermercado #6,12937 N FM 973 Rd Bldg 3,78653,2026-03-05,2026-03-05
36AE7292-CCEC-438F-89C1-F2CEB8D7D27C,NA,no_key_match,MN - Tamale Addiction,114 E PARSONS  ST,78653,2026-04-17,2026-04-17
147F0B52-5D83-4311-8E83-5C07F5279A04,NA,no_key_match,MN - Taqueria San Juan Manor LLC,101 N LEXINGTON  ST,78653,2026-03-05,2026-03-05
75B18D92-1DC5-4CEE-9927-F52E3886E811,NA,no_key_match,Manon's Food Storage,8311  RESEARCH NB BLVD,78758,2025-12-30,2025-12-30
EA1EBDD0-0B32-4CBD-AE1C-E49987C5B35A,NA,no_key_match,Monks Momo,1300 E Anderson Ln Apt 1012 Bldg D,78752,2025-06-18,2026-03-12
81BC2B86-2A0B-40A6-BF46-FC4684FA50F7,NA,no_key_match,"OOB - CJ Texas Enterprises, LLC",901 W BEN WHITE BLVD EB SVRD Unit B,78745,2026-03-20,2026-03-20
B049675E-03E1-43A5-AC45-F54B88E9F12C,NA,no_key_match,OOB - Guckenheimer at Atlassian Austin,1401 E 6th St Ste 1000,78702,2025-07-02,2025-11-20
B7528DB2-7361-4C7D-9632-2432BD7AF86C,NA,no_key_match,OOB - Guckenheimer at Atlassian Austin,1401 E 6th St Ste 1000,78702,2025-07-02,2025-07-02
4CF6DCEB-6E49-4E58-966F-3EA8956A99F4,NA,no_key_match,OOB - Pour Choices,401 E 6th St,78701,2025-02-06,2025-02-06
16714058-DC69-42BC-8022-3121061E1749,NA,no_key_match,OOB - SXSE Food Co - East,415 E Saint Elmo Rd,78745,2025-02-24,2025-02-24
9BDCBFC4-9F96-4F24-AE84-51DBA3269B7D,NA,no_key_match,OOB - St. Gabriel Catholic School,2500 Wimberly Ln,78735,2025-05-02,2025-05-02
68827D7E-90FB-473E-9AF2-F43A75246A3E,NA,no_key_match,OOB - Stop-N-Express,5301 Manor Rd,78723,2025-02-04,2025-02-04
3919FDCE-0146-492A-BCE5-CFF155627908,NA,no_key_match,Oca Foods LLC,8309  RESEARCH NB BLVD,78758,2026-05-13,2026-05-13
9B18093E-A3F5-4671-B985-846792B2557E,NA,no_key_match,Our Shared Kitchen Inc.,1300 E ANDERSON WB LN BLDG D,78752,2025-06-18,2025-06-18
1625806F-0B45-4551-80F4-A051FF1B8A45,NA,no_key_match,PF - Hanovers Drought Haus,108 E Main St,78660,2025-02-26,2025-02-26
6F852A98-AE53-441F-AA52-1CBE6F4C1F61,NA,no_key_match,PF - Los Amigos Market,15812 Windermere Dr Ste 200 # Bunit,78660,2025-05-12,2026-05-29
FAF9F7F0-A9AB-4A1E-99CD-E2E6F761E272,NA,no_key_match,PF - Los Amigos Market,15812 Windermere Dr Ste 200 # Bunit,78660,2025-12-12,2025-12-12
FF332B87-0BD0-4A75-826F-72E5D91DB553,NA,no_key_match,PF - Los Amigos Market,15812 Windermere Dr Ste 200 # Bunit,78660,2025-05-12,2026-05-29
5954EA10-7AA2-4B40-A1A4-DE6D590D5D8E,NA,no_key_match,PF - Smiling Donuts,428 Grand Avenue Pkwy Ste 130,78660,2025-07-29,2025-07-29
FE71F25C-0A09-4F2D-9EC1-225FA1E03583,NA,no_key_match,PF - Typhoon Texas Waterpark - Typhoon Saloon,18500 N Sh 130 Svrd,78660,2025-05-02,2026-06-29
B0FCB856-D024-46BF-A3FA-61A2EE70C932,NA,no_key_match,PF -Typhoon Texas Waterpark - Shackin' Wagon,18500 N Sh 130 Svrd,78660,2025-05-02,2026-06-29
24EC4888-2B6F-416E-B690-370947795839,NA,no_key_match,PF-Typhoon Texas Waterpark - Ray's Pizzeria,18500 N Sh 130 Svrd,78660,2025-05-02,2026-06-29
E83B98D4-827D-4F26-AD6B-4DB40D3E8175,NA,no_key_match,Peace of Mind,5615 Burnet Rd,78756,2026-02-02,2026-02-02
2E75AF7C-0D3A-4BBD-955F-518BF6BE9918,NA,no_key_match,Pour Choices,401 E 6th St,78701,2025-07-31,2025-07-31
70100962-B160-43BA-80E0-699B0398BCEE,NA,no_key_match,Real Morocco Kitchen LLC,3400 Comsouth Dr,78744,2026-02-26,2026-02-26
9BE8330E-F453-4D6B-AA8E-AB7D47745705,NA,no_key_match,Restaurante Hondureno Ocotepeque,9515 N Lamar Blvd Ste 230,78753,2025-11-14,2025-11-14
83B0A0BD-D64D-4C0B-9F46-EB34B7982C24,NA,no_key_match,RiverSouth,401 S 1st St,78704,2026-04-15,2026-04-15
991E656E-4282-4327-8FE4-E7AFE1B515AA,NA,no_key_match,Smiling Donuts,428 Grand Avenue Pkwy Ste 130,78660,2026-05-20,2026-05-20
3C4E109D-D3B2-4D53-BF8A-9F9F3801CF7C,NA,no_key_match,Sodalis Oak Hill,7501 W US 290 Hwy,78736,2025-07-10,2025-07-10
0DB0B5C5-7451-45F2-97C9-479C91D09811,NA,no_key_match,Soho Austin - Second Floor Bar,1011 S Congress Ave Bldg 2,78704,2026-04-15,2026-04-15
4E0CDE04-F095-49D6-A4B1-43D78EE8D05A,NA,no_key_match,St. Michael's Catholic Preparatory School,2500 Wimberly Ln,78735,2026-05-01,2026-05-01
DC0BA246-D568-4674-A4EB-4396F8291907,NA,no_key_match,St. Michael's Catholic Preparatory School,3000 Barton Creek Blvd,78735,2026-05-01,2026-05-01
E8FE29EF-D5D2-470B-ADDA-8E17B2518EB1,NA,no_key_match,Taco Palenque,3400 Comsouth Dr Unit 116,78744,2025-05-05,2025-05-05
ECF259E8-69A9-4935-841D-4469705A5A49,NA,no_key_match,Taqueria La Chivas,8624 N Lamar Blvd,78753,2026-01-23,2026-01-23
93CE9969-3811-4EB8-A515-BCB14DF83433,NA,no_key_match,Thanks Danks LLC,1300 E Anderson Ln Apt 1009 Bldg D,78752,2025-07-23,2025-07-23
CD044380-7AD2-4071-B573-365274146AA5,NA,no_key_match,Tokyo Gardens Catering,2508 E Riverside Dr,78741,2025-02-06,2025-02-06
077695BB-51C0-4CDA-986F-9877FF6B697C,NA,no_key_match,Vino Volo - B,3600 Presidential Blvd Unit 3795,78719,2025-06-04,2025-06-04
